date,filter_level,entry_time,exit_time,direction,tp_points,sl_points,success_rate,occurrences,risk_reward,exit_type
2025-04-01,Strict,8:31AM CT,9:30AM CT,bearish,38.868182999999995,34.925034,70.0,0,1.115948862144549,TIME
2025-04-01,Strict,9:00AM CT,9:30AM CT,bearish,30.981885000000002,16.335903,70.0,0,1.9218758159116243,TIME
2025-04-01,Strict,8:31AM CT,9:30AM CT,bullish,23.095586999999995,19.715745,70.0,0,1.162852275230337,TIME
2025-04-02,Strict,9:30AM CT,11:30AM CT,bullish,24.385171,17.01291,72.72727272727273,0,1.4177183766284818,TP
2025-04-02,Strict,10:30AM CT,12:30PM CT,bullish,27.220655999999998,27.220655999999998,81.81818181818183,0,1.0073390384251077,TP
2025-04-02,Strict,11:30AM CT,1:30PM CT,bullish,22.683880000000002,28.921947000000003,72.72727272727273,0,0.7866668247096997,TP
2025-04-02,Strict,1:30PM CT,2:30PM CT,bullish,23.250977,13.043231,72.72727272727273,0,1.773853044420887,SL
2025-04-02,Strict,10:30AM CT,11:30AM CT,bullish,27.220655999999998,21.549686,70.0,0,1.275435354127564,TP
2025-04-02,Strict,9:30AM CT,11:30AM CT,bullish,31.190335000000005,49.337438999999996,70.0,0,0.6365697294892094,TP
2025-04-02,Strict,10:30AM CT,12:30PM CT,bullish,30.623238000000004,28.354850000000003,70.0,0,1.085536208466696,TP
2025-04-02,Strict,9:00AM CT,10:00AM CT,bearish,33.458723,44.233566,70.0,0,0.7643303237844731,TIME
2025-04-03,Strict,2:30PM CT,3:00PM CT,bearish,22.665384,8.634432,75.0,0,2.546849369204109,SL
2025-04-04,Strict,11:30AM CT,12:30PM CT,bullish,22.833360000000003,50.233391999999995,78.57142857142857,0,0.45835253320299557,TIME
2025-04-04,Strict,11:30AM CT,1:30PM CT,bullish,42.114864,50.7408,71.42857142857143,0,0.8358371810723138,SL
2025-04-04,Strict,10:00AM CT,10:30AM CT,bearish,28.922255999999997,19.281503999999998,71.42857142857143,0,1.5072485502725834,TP
2025-04-04,Strict,8:45AM CT,9:15AM CT,bearish,20.29632,41.10004800000001,71.42857142857143,0,0.4967527417827772,NO_TRADE_DATA
2025-04-04,Strict,9:30AM CT,10:30AM CT,bearish,35.518559999999994,25.877808,71.42857142857143,0,1.382726575708196,TP
2025-04-04,Strict,11:30AM CT,12:30PM CT,bullish,22.833360000000003,50.233391999999995,78.57142857142857,0,0.45835253320299557,TIME
2025-04-04,Strict,11:30AM CT,1:30PM CT,bullish,42.114864,50.7408,71.42857142857143,0,0.8358371810723138,SL
2025-04-04,Strict,10:00AM CT,10:30AM CT,bearish,28.922255999999997,19.281503999999998,71.42857142857143,0,1.5072485502725834,TP
2025-04-04,Strict,8:45AM CT,9:15AM CT,bearish,20.29632,41.10004800000001,71.42857142857143,0,0.4967527417827772,NO_TRADE_DATA
2025-04-04,Strict,9:30AM CT,10:30AM CT,bearish,35.518559999999994,25.877808,71.42857142857143,0,1.382726575708196,TP
2025-04-04,Strict,11:30AM CT,12:30PM CT,bullish,22.833360000000003,50.233391999999995,78.57142857142857,0,0.45835253320299557,TIME
2025-04-04,Strict,11:30AM CT,1:30PM CT,bullish,42.114864,50.7408,71.42857142857143,0,0.8358371810723138,SL
2025-04-04,Strict,10:00AM CT,10:30AM CT,bearish,28.922255999999997,19.281503999999998,71.42857142857143,0,1.5072485502725834,TP
2025-04-04,Strict,8:45AM CT,9:15AM CT,bearish,20.29632,41.10004800000001,71.42857142857143,0,0.4967527417827772,NO_TRADE_DATA
2025-04-04,Strict,9:30AM CT,10:30AM CT,bearish,35.518559999999994,25.877808,71.42857142857143,0,1.382726575708196,TP
2025-04-04,Strict,9:30AM CT,10:30AM CT,bearish,22.325952,14.207424000000001,80.0,0,1.5696578269644104,TP
2025-04-04,Strict,11:30AM CT,12:30PM CT,bullish,53.277840000000005,22.325952,80.0,0,2.3872901422038604,SL
2025-04-04,Strict,9:30AM CT,11:30AM CT,bearish,33.488928,10.14816,70.0,0,3.379358730371548,TP
2025-04-04,Strict,10:30AM CT,12:30PM CT,bullish,55.81488,58.35192,80.0,0,0.9517558057997508,SL
2025-04-04,Strict,11:30AM CT,1:30PM CT,bullish,78.64824,27.90744,80.0,0,2.836081702066738,SL
2025-04-04,Strict,8:45AM CT,9:00AM CT,bullish,29.429664,4.566672,80.0,0,6.364763234325996,NO_TRADE_DATA
2025-04-04,Strict,8:31AM CT,9:00AM CT,bullish,25.877808,18.266688,90.0,0,1.434268927322745,NO_TRADE_DATA
2025-04-04,Strict,8:45AM CT,9:15AM CT,bearish,36.533376,27.400032,80.0,0,1.3392184406879246,NO_TRADE_DATA
2025-04-04,Strict,8:31AM CT,9:30AM CT,bearish,47.188944000000006,8.118528,90.0,0,5.953090264151181,TIME
2025-04-04,Strict,12:30PM CT,3:00PM CT,bullish,55.307472,37.040784,75.0,0,1.4976745859552758,SL
2025-04-04,Strict,10:00AM CT,10:30AM CT,bearish,28.922255999999997,24.355583999999997,75.0,0,1.1994632876442504,TP
2025-04-04,Strict,9:30AM CT,10:00AM CT,bearish,26.385216,38.563007999999996,75.0,0,0.6883686166526394,TP
2025-04-07,Strict,11:30AM CT,12:30PM CT,bullish,22.780125,50.116274999999995,78.57142857142857,0,0.45835253320299557,TP
2025-04-07,Strict,11:30AM CT,1:30PM CT,bullish,42.016675,50.6225,71.42857142857143,0,0.8358371810723138,TP
2025-04-07,Strict,10:00AM CT,10:30AM CT,bearish,28.854824999999998,19.23655,71.42857142857143,0,1.5072485502725834,SL
2025-04-07,Strict,8:45AM CT,9:15AM CT,bearish,20.249,41.004225000000005,71.42857142857143,0,0.4967527417827772,NO_TRADE_DATA
2025-04-07,Strict,9:30AM CT,10:30AM CT,bearish,35.43575,25.817475,71.42857142857143,0,1.382726575708196,TP
2025-04-07,Strict,11:30AM CT,12:30PM CT,bullish,33.410849999999996,5.06225,73.33333333333333,0,6.981266033363537,TP
2025-04-07,Strict,12:30PM CT,1:30PM CT,bullish,31.385949999999998,27.33615,73.33333333333333,0,1.1579193759076012,SL
2025-04-07,Strict,11:30AM CT,1:30PM CT,bullish,62.265675,21.767675,73.33333333333333,0,2.841645357188924,TP
2025-04-07,Strict,8:45AM CT,9:15AM CT,bearish,23.792574999999996,18.2241,73.33333333333333,0,1.3146254389335443,NO_TRADE_DATA
2025-04-07,Strict,8:31AM CT,9:30AM CT,bearish,35.941975,50.116274999999995,73.33333333333333,0,0.7157680172511378,TP
2025-04-07,Strict,11:30AM CT,12:30PM CT,bullish,22.780125,50.116274999999995,78.57142857142857,0,0.45835253320299557,TP
2025-04-07,Strict,11:30AM CT,1:30PM CT,bullish,42.016675,50.6225,71.42857142857143,0,0.8358371810723138,TP
2025-04-07,Strict,10:00AM CT,10:30AM CT,bearish,28.854824999999998,19.23655,71.42857142857143,0,1.5072485502725834,SL
2025-04-07,Strict,8:45AM CT,9:15AM CT,bearish,20.249,41.004225000000005,71.42857142857143,0,0.4967527417827772,NO_TRADE_DATA
2025-04-07,Strict,9:30AM CT,10:30AM CT,bearish,35.43575,25.817475,71.42857142857143,0,1.382726575708196,TP
2025-04-07,Strict,11:30AM CT,12:30PM CT,bullish,22.780125,50.116274999999995,78.57142857142857,0,0.45835253320299557,TP
2025-04-07,Strict,11:30AM CT,1:30PM CT,bullish,42.016675,50.6225,71.42857142857143,0,0.8358371810723138,TP
2025-04-07,Strict,10:00AM CT,10:30AM CT,bearish,28.854824999999998,19.23655,71.42857142857143,0,1.5072485502725834,SL
2025-04-07,Strict,8:45AM CT,9:15AM CT,bearish,20.249,41.004225000000005,71.42857142857143,0,0.4967527417827772,NO_TRADE_DATA
2025-04-07,Strict,9:30AM CT,10:30AM CT,bearish,35.43575,25.817475,71.42857142857143,0,1.382726575708196,TP
2025-04-07,Strict,11:30AM CT,1:30PM CT,bullish,50.116274999999995,47.078925000000005,72.22222222222221,0,1.060839385356848,TP
2025-04-07,Strict,12:30PM CT,3:00PM CT,bullish,55.178525,36.954425,75.0,0,1.4976745859552758,SL
2025-04-07,Strict,10:00AM CT,10:30AM CT,bearish,28.854824999999998,24.298799999999996,75.0,0,1.1994632876442504,SL
2025-04-07,Strict,9:30AM CT,10:00AM CT,bearish,26.3237,38.4731,75.0,0,0.6883686166526394,TP
2025-04-08,Strict,8:31AM CT,9:00AM CT,bullish,30.893174000000002,18.934526,76.47058823529412,0,1.621848040687307,NO_TRADE_DATA
2025-04-08,Strict,8:31AM CT,9:30AM CT,bearish,34.87939,31.391451000000004,82.35294117647058,0,1.1133225574701997,SL
2025-04-08,Strict,8:31AM CT,9:00AM CT,bullish,25.910404,23.419019,71.42857142857143,0,1.088353101924586,NO_TRADE_DATA
2025-04-08,Strict,8:31AM CT,9:30AM CT,bearish,25.412127000000005,41.855268,70.0,0,0.6087835924606244,TIME
2025-04-08,Strict,11:30AM CT,12:30PM CT,bullish,50.325977,11.958648,80.0,0,4.255972472001038,SL
2025-04-08,Strict,12:30PM CT,1:30PM CT,bullish,37.370775,28.900066,80.0,0,1.2801652021740426,SL
2025-04-08,Strict,10:30AM CT,12:30PM CT,bullish,61.786348000000004,21.924188000000004,70.0,0,2.784247288512026,SL
2025-04-08,Strict,11:30AM CT,1:30PM CT,bullish,87.69675200000002,37.869052,80.0,0,2.313844243395448,SL
2025-04-08,Strict,12:30PM CT,2:30PM CT,bullish,39.36388300000001,21.924188000000004,70.0,0,1.804263301453728,SL
2025-04-08,Strict,8:31AM CT,8:45AM CT,bearish,25.910404,27.903512000000006,70.0,0,0.9362398898180463,NO_TRADE_DATA
2025-04-08,Strict,8:31AM CT,9:00AM CT,bullish,23.419019,27.405235000000005,80.0,0,0.8463063949366219,NO_TRADE_DATA
2025-04-08,Strict,8:31AM CT,9:00AM CT,bullish,24.913850000000004,21.425911000000003,70.0,0,1.175713635140707,NO_TRADE_DATA
2025-04-08,Strict,11:30AM CT,1:30PM CT,bullish,49.329423,46.33976100000001,72.22222222222221,0,1.060839385356848,SL
2025-04-08,Strict,9:30AM CT,10:30AM CT,bearish,21.924188000000004,13.951756000000003,80.0,0,1.5696578269644104,SL
2025-04-08,Strict,11:30AM CT,12:30PM CT,bullish,52.31908500000001,21.924188000000004,80.0,0,2.3872901422038604,TIME
2025-04-08,Strict,9:30AM CT,11:30AM CT,bearish,32.886282,9.96554,70.0,0,3.379358730371548,SL
2025-04-08,Strict,10:30AM CT,12:30PM CT,bullish,54.81047000000001,57.301855,80.0,0,0.9517558057997508,SL
2025-04-08,Strict,11:30AM CT,1:30PM CT,bullish,77.23293500000001,27.405235000000005,80.0,0,2.836081702066738,SL
2025-04-08,Strict,8:45AM CT,9:00AM CT,bullish,28.900066,4.4844930000000005,80.0,0,6.364763234325996,NO_TRADE_DATA
2025-04-08,Strict,8:31AM CT,9:00AM CT,bullish,25.412127000000005,17.937972000000002,90.0,0,1.434268927322745,NO_TRADE_DATA
2025-04-08,Strict,8:45AM CT,9:15AM CT,bearish,35.875944000000004,26.906958000000003,80.0,0,1.3392184406879246,NO_TRADE_DATA
2025-04-08,Strict,8:31AM CT,9:30AM CT,bearish,46.33976100000001,7.972432000000001,90.0,0,5.953090264151181,SL
2025-04-08,Strict,12:30PM CT,3:00PM CT,bullish,54.31219300000001,36.374221000000006,75.0,0,1.4976745859552758,SL
2025-04-08,Strict,10:00AM CT,10:30AM CT,bearish,28.401789,23.917296,75.0,0,1.1994632876442504,TIME
2025-04-08,Strict,9:30AM CT,10:00AM CT,bearish,25.910404,37.869052,75.0,0,0.6883686166526394,SL
2025-04-09,Strict,11:30AM CT,12:30PM CT,bullish,24.556050000000003,54.02330999999999,78.57142857142857,0,0.45835253320299557,TIME
2025-04-09,Strict,11:30AM CT,1:30PM CT,bullish,45.292269999999995,54.568999999999996,71.42857142857143,0,0.8358371810723138,TP
2025-04-09,Strict,10:00AM CT,10:30AM CT,bearish,31.104329999999994,20.73622,71.42857142857143,0,1.5072485502725834,SL
2025-04-09,Strict,8:45AM CT,9:15AM CT,bearish,21.8276,44.20089,71.42857142857143,0,0.4967527417827772,NO_TRADE_DATA
2025-04-09,Strict,9:30AM CT,10:30AM CT,bearish,38.198299999999996,27.83019,71.42857142857143,0,1.382726575708196,SL
2025-04-09,Strict,10:30AM CT,12:30PM CT,bullish,24.01036,28.375879999999995,70.58823529411765,0,0.8587044439428507,SL
2025-04-09,Strict,11:30AM CT,1:30PM CT,bullish,35.46985,17.46208,82.35294117647058,0,2.0496450958256203,SL
2025-04-09,Strict,12:30PM CT,2:30PM CT,bullish,30.01295,25.647429999999993,76.47058823529412,0,1.1896852221654288,TP
2025-04-09,Strict,11:30AM CT,12:30PM CT,bullish,24.556050000000003,54.02330999999999,78.57142857142857,0,0.45835253320299557,TIME
2025-04-09,Strict,11:30AM CT,1:30PM CT,bullish,45.292269999999995,54.568999999999996,71.42857142857143,0,0.8358371810723138,TP
2025-04-09,Strict,10:00AM CT,10:30AM CT,bearish,31.104329999999994,20.73622,71.42857142857143,0,1.5072485502725834,SL
2025-04-09,Strict,8:45AM CT,9:15AM CT,bearish,21.8276,44.20089,71.42857142857143,0,0.4967527417827772,NO_TRADE_DATA
2025-04-09,Strict,9:30AM CT,10:30AM CT,bearish,38.198299999999996,27.83019,71.42857142857143,0,1.382726575708196,SL
2025-04-09,Strict,8:31AM CT,9:30AM CT,bearish,27.83019,45.837959999999995,70.0,0,0.6087835924606244,TIME
2025-04-09,Strict,11:30AM CT,12:30PM CT,bullish,55.114689999999996,13.096559999999998,80.0,0,4.255972472001038,SL
2025-04-09,Strict,12:30PM CT,1:30PM CT,bullish,40.92675,31.650019999999994,80.0,0,1.2801652021740426,TP
2025-04-09,Strict,10:30AM CT,12:30PM CT,bullish,67.66556,24.01036,70.0,0,2.784247288512026,SL
2025-04-09,Strict,11:30AM CT,1:30PM CT,bullish,96.04144,41.47244,80.0,0,2.313844243395448,TP
2025-04-09,Strict,12:30PM CT,2:30PM CT,bullish,43.10951,24.01036,70.0,0,1.804263301453728,TP
2025-04-09,Strict,8:31AM CT,8:45AM CT,bearish,28.375879999999995,30.558640000000004,70.0,0,0.9362398898180463,NO_TRADE_DATA
2025-04-09,Strict,8:31AM CT,9:00AM CT,bullish,25.647429999999993,30.01295,80.0,0,0.8463063949366219,NO_TRADE_DATA
2025-04-09,Strict,10:30AM CT,12:30PM CT,bullish,24.01036,28.375879999999995,70.58823529411765,0,0.8587044439428507,SL
2025-04-09,Strict,11:30AM CT,1:30PM CT,bullish,35.46985,17.46208,82.35294117647058,0,2.0496450958256203,SL
2025-04-09,Strict,12:30PM CT,2:30PM CT,bullish,30.01295,25.647429999999993,76.47058823529412,0,1.1896852221654288,TP
2025-04-09,Strict,11:30AM CT,12:30PM CT,bullish,24.556050000000003,54.02330999999999,78.57142857142857,0,0.45835253320299557,TIME
2025-04-09,Strict,11:30AM CT,1:30PM CT,bullish,45.292269999999995,54.568999999999996,71.42857142857143,0,0.8358371810723138,TP
2025-04-09,Strict,10:00AM CT,10:30AM CT,bearish,31.104329999999994,20.73622,71.42857142857143,0,1.5072485502725834,SL
2025-04-09,Strict,8:45AM CT,9:15AM CT,bearish,21.8276,44.20089,71.42857142857143,0,0.4967527417827772,NO_TRADE_DATA
2025-04-09,Strict,9:30AM CT,10:30AM CT,bearish,38.198299999999996,27.83019,71.42857142857143,0,1.382726575708196,SL
2025-04-09,Strict,12:30PM CT,3:00PM CT,bullish,59.48020999999999,39.83537,75.0,0,1.4976745859552758,TP
2025-04-09,Strict,10:00AM CT,10:30AM CT,bearish,31.104329999999994,26.193119999999997,75.0,0,1.1994632876442504,SL
2025-04-09,Strict,9:30AM CT,10:00AM CT,bearish,28.375879999999995,41.47244,75.0,0,0.6883686166526394,SL
2025-04-10,Strict,9:30AM CT,10:30AM CT,bullish,29.501080000000005,30.027884999999998,76.92307692307693,0,0.9811635490571917,SL
2025-04-10,Strict,11:30AM CT,12:30PM CT,bearish,24.759835,10.009295,71.42857142857143,0,2.440171812274363,TP
2025-04-10,Strict,1:30PM CT,2:30PM CT,bullish,26.34025,7.902075000000001,78.57142857142857,0,3.4296907550484588,TP
2025-04-10,Strict,11:30AM CT,1:30PM CT,bearish,30.554689999999997,31.081495,78.57142857142857,0,0.9909402318694186,TP
2025-04-10,Strict,12:30PM CT,2:30PM CT,bullish,32.135104999999996,24.23303,71.42857142857143,0,1.3374638425238041,TP
2025-04-10,Strict,12:30PM CT,3:00PM CT,bullish,28.974275000000002,36.876349999999995,71.42857142857143,0,0.7819453618006957,TP
2025-04-10,Strict,8:31AM CT,9:00AM CT,bullish,27.39386,24.759835,71.42857142857143,0,1.088353101924586,NO_TRADE_DATA
2025-04-10,Strict,10:30AM CT,11:30AM CT,bullish,25.28664,20.01859,70.0,0,1.275435354127564,TP
2025-04-10,Strict,9:30AM CT,11:30AM CT,bullish,28.974275000000002,45.832035,70.0,0,0.6365697294892094,SL
2025-04-10,Strict,10:30AM CT,12:30PM CT,bullish,28.447470000000003,26.34025,70.0,0,1.085536208466696,TP
2025-04-10,Strict,9:00AM CT,10:00AM CT,bearish,31.081495,41.090790000000005,70.0,0,0.7643303237844731,TP
2025-04-10,Strict,11:30AM CT,12:30PM CT,bearish,24.759835,10.009295,71.42857142857143,0,2.440171812274363,TP
2025-04-10,Strict,1:30PM CT,2:30PM CT,bullish,26.34025,7.902075000000001,78.57142857142857,0,3.4296907550484588,TP
2025-04-10,Strict,11:30AM CT,1:30PM CT,bearish,30.554689999999997,31.081495,78.57142857142857,0,0.9909402318694186,TP
2025-04-10,Strict,12:30PM CT,2:30PM CT,bullish,32.135104999999996,24.23303,71.42857142857143,0,1.3374638425238041,TP
2025-04-10,Strict,12:30PM CT,3:00PM CT,bullish,28.974275000000002,36.876349999999995,71.42857142857143,0,0.7819453618006957,TP
2025-04-10,Strict,8:31AM CT,9:00AM CT,bullish,26.34025,22.652615,70.0,0,1.175713635140707,NO_TRADE_DATA
2025-04-10,Strict,12:30PM CT,3:00PM CT,bullish,57.421745,38.456765000000004,75.0,0,1.4976745859552758,TP
2025-04-10,Strict,10:00AM CT,10:30AM CT,bearish,30.027884999999998,25.28664,75.0,0,1.1994632876442504,TIME
2025-04-10,Strict,9:30AM CT,10:00AM CT,bearish,27.39386,40.03718,75.0,0,0.6883686166526394,TP
2025-04-11,Strict,8:31AM CT,9:00AM CT,bullish,33.252832,20.380768,76.47058823529412,0,1.621848040687307,NO_TRADE_DATA
2025-04-11,Strict,8:31AM CT,9:30AM CT,bearish,37.543519999999994,33.789168,82.35294117647058,0,1.1133225574701997,TIME
2025-04-11,Strict,10:30AM CT,12:30PM CT,bullish,23.598784,27.889471999999998,70.58823529411765,0,0.8587044439428507,TP
2025-04-11,Strict,11:30AM CT,1:30PM CT,bullish,34.86184,17.162752,82.35294117647058,0,2.0496450958256203,TP
2025-04-11,Strict,12:30PM CT,2:30PM CT,bullish,29.49848,25.207791999999994,76.47058823529412,0,1.1896852221654288,TP
2025-04-11,Strict,8:31AM CT,9:00AM CT,bullish,27.889471999999998,25.207791999999994,71.42857142857143,0,1.088353101924586,NO_TRADE_DATA
2025-04-11,Strict,12:30PM CT,3:00PM CT,bullish,30.571151999999994,25.744127999999996,71.42857142857143,0,1.1799261937554895,TP
2025-04-11,Strict,9:30AM CT,10:30AM CT,bearish,28.962144,20.380768,70.0,0,1.4234419017818798,SL
2025-04-11,Strict,12:30PM CT,2:30PM CT,bullish,40.761536,21.45344,70.0,0,1.8843509476842162,TP
2025-04-11,Strict,12:30PM CT,3:00PM CT,bullish,46.66123199999999,18.771759999999997,70.0,0,2.4918500076134213,TP
2025-04-11,Strict,8:31AM CT,9:00AM CT,bullish,25.207791999999994,27.889471999999998,70.0,0,0.9149780690715483,NO_TRADE_DATA
2025-04-11,Strict,8:31AM CT,9:30AM CT,bearish,34.325504,39.688864,70.0,0,0.8669617315875536,TIME
2025-04-11,Strict,11:30AM CT,1:30PM CT,bullish,25.207791999999994,20.380768,72.72727272727273,0,1.2521078818257108,TP
2025-04-11,Strict,8:31AM CT,9:00AM CT,bullish,31.107487999999996,21.989775999999996,72.72727272727273,0,1.4047054034350774,NO_TRADE_DATA
2025-04-11,Strict,9:30AM CT,10:30AM CT,bearish,23.598784,34.86184,72.72727272727273,0,0.6738224176889587,SL
2025-04-11,Strict,10:30AM CT,12:30PM CT,bullish,21.989775999999996,16.626416,72.72727272727273,0,1.3338697742362544,TP
2025-04-11,Strict,8:31AM CT,9:00AM CT,bullish,24.671456,13.4084,81.81818181818183,0,1.837990423001212,NO_TRADE_DATA
2025-04-11,Strict,8:45AM CT,9:15AM CT,bearish,24.13512,12.872063999999998,72.72727272727273,0,1.9028410077398898,NO_TRADE_DATA
2025-04-11,Strict,9:30AM CT,10:30AM CT,bearish,21.989775999999996,0.536336,90.9090909090909,0,41.575977945491,SL
2025-04-11,Strict,10:30AM CT,12:30PM CT,bullish,23.598784,27.889471999999998,70.58823529411765,0,0.8587044439428507,TP
2025-04-11,Strict,11:30AM CT,1:30PM CT,bullish,34.86184,17.162752,82.35294117647058,0,2.0496450958256203,TP
2025-04-11,Strict,12:30PM CT,2:30PM CT,bullish,29.49848,25.207791999999994,76.47058823529412,0,1.1896852221654288,TP
2025-04-11,Strict,11:30AM CT,1:30PM CT,bullish,23.062448,21.45344,72.72727272727273,0,1.0818169163354119,TP
2025-04-11,Strict,12:30PM CT,3:00PM CT,bullish,22.526111999999998,19.844432,81.81818181818183,0,1.1377771532251322,TP
2025-04-11,Strict,12:30PM CT,3:00PM CT,bullish,23.062448,26.280464,72.22222222222221,0,0.8763934818429069,TP
2025-04-11,Strict,12:30PM CT,3:00PM CT,bullish,58.460623999999996,39.152528,75.0,0,1.4976745859552758,TP
2025-04-11,Strict,10:00AM CT,10:30AM CT,bearish,30.571151999999994,25.744127999999996,75.0,0,1.1994632876442504,TP
2025-04-11,Strict,9:30AM CT,10:00AM CT,bearish,27.889471999999998,40.761536,75.0,0,0.6883686166526394,SL
2025-04-14,Strict,8:31AM CT,9:30AM CT,bullish,21.62388,20.542686,73.91304347826086,0,1.0588480193040544,TIME
2025-04-14,Strict,12:30PM CT,3:00PM CT,bullish,24.326865000000005,25.948656,73.91304347826086,0,0.9335302993873765,TP
2025-04-14,Strict,9:30AM CT,10:30AM CT,bullish,30.273432000000007,30.814028999999998,76.92307692307693,0,0.9811635490571917,TIME
2025-04-14,Strict,10:30AM CT,12:30PM CT,bullish,22.164476999999998,27.029850000000003,72.72727272727273,0,0.8222358724299148,SL
2025-04-14,Strict,8:31AM CT,9:30AM CT,bearish,22.705074,18.920894999999998,76.92307692307693,0,1.222065902549317,TIME
2025-04-14,Strict,12:30PM CT,3:00PM CT,bearish,29.192238000000003,21.083283,76.92307692307693,0,1.3989731770090617,SL
2025-04-14,Strict,9:30AM CT,10:30AM CT,bullish,47.57253600000001,21.62388,70.0,0,2.1813870052426467,SL
2025-04-14,Strict,9:30AM CT,11:30AM CT,bullish,50.275521000000005,43.78835700000001,70.0,0,1.1477590557444965,TIME
2025-04-14,Strict,8:31AM CT,8:45AM CT,bearish,23.786268000000003,30.814028999999998,70.0,0,0.7719816384341018,NO_TRADE_DATA
2025-04-14,Strict,9:30AM CT,10:00AM CT,bullish,23.786268000000003,12.433731,70.0,0,1.9208094266372435,SL
2025-04-14,Strict,10:00AM CT,10:30AM CT,bullish,24.867462,12.433731,70.0,0,1.9716284336819792,TP
2025-04-14,Strict,9:00AM CT,9:30AM CT,bearish,23.786268000000003,15.136716000000003,70.0,0,1.5587248803651819,TIME
2025-04-14,Strict,8:31AM CT,9:00AM CT,bullish,28.111044,25.408058999999998,71.42857142857143,0,1.088353101924586,NO_TRADE_DATA
2025-04-14,Strict,9:30AM CT,11:30AM CT,bullish,27.570447000000005,25.948656,70.58823529411765,0,1.0505563048807318,SL
2025-04-14,Strict,11:30AM CT,1:30PM CT,bullish,22.705074,17.299104000000003,70.58823529411765,0,1.2927917833258848,SL
2025-04-14,Strict,12:30PM CT,2:30PM CT,bullish,25.408058999999998,14.596119000000002,70.58823529411765,0,1.7346640200505998,TP
2025-04-15,Moderate,12:30PM CT,3:00PM CT,bullish,22.126182999999997,24.824498,61.36363636363637,0,0.8778322143529192,SL
2025-04-15,Moderate,9:00AM CT,10:00AM CT,bearish,23.205509,26.443487,63.63636363636363,0,0.8741087428970982,SL
2025-04-15,Moderate,8:31AM CT,9:30AM CT,bearish,28.062476,38.316072999999996,62.06896551724138,0,0.7341723778060233,TIME
2025-04-15,Moderate,9:00AM CT,10:00AM CT,bullish,22.126182999999997,22.126182999999997,65.51724137931035,0,0.9901718353647304,TP
2025-04-16,Strict,8:31AM CT,9:30AM CT,bearish,36.40233,32.70934,70.0,0,1.115948862144549,TIME
2025-04-16,Strict,9:00AM CT,9:30AM CT,bearish,29.016350000000003,15.299529999999999,70.0,0,1.9218758159116243,TIME
2025-04-16,Strict,8:31AM CT,9:30AM CT,bearish,32.70934,17.40981,70.0,0,1.8828339569157044,TIME
2025-04-16,Strict,12:30PM CT,3:00PM CT,bullish,23.21308,37.98504,70.0,0,0.603145253849213,SL
2025-04-16,Strict,9:00AM CT,9:30AM CT,bearish,25.323359999999997,21.630369999999996,80.0,0,1.1710730695176423,TIME
2025-04-16,Strict,8:45AM CT,9:15AM CT,bearish,21.1028,31.6542,80.0,0,0.675956779195144,NO_TRADE_DATA
2025-04-16,Strict,9:15AM CT,9:45AM CT,bullish,21.630369999999996,11.078969999999998,70.0,0,1.9435245892128012,TIME
2025-04-16,Strict,10:00AM CT,10:30AM CT,bearish,25.323359999999997,30.071489999999997,70.0,0,0.838101868213685,TIME
2025-04-16,Strict,8:31AM CT,9:30AM CT,bearish,33.76448,25.850929999999998,70.0,0,1.314762971218243,TIME
2025-04-16,Strict,9:00AM CT,10:00AM CT,bullish,37.98504,26.3785,80.0,0,1.445037697764315,TIME
2025-04-17,Strict,10:30AM CT,12:30PM CT,bearish,24.30042,21.659069999999996,72.72727272727273,0,1.132508793460604,SL
2025-04-17,Strict,12:30PM CT,3:00PM CT,bullish,22.715609999999998,10.5654,77.77777777777779,0,2.1580416021701896,SL
2025-04-17,Strict,12:30PM CT,3:00PM CT,bullish,24.30042,52.29872999999999,93.33333333333333,0,0.47061239598008553,TIME
2025-04-17,Strict,10:30AM CT,11:30AM CT,bearish,22.715609999999998,16.90464,70.83333333333334,0,1.3230382350429424,SL
2025-04-17,Strict,8:31AM CT,9:00AM CT,bullish,23.24388,33.80928,75.0,0,0.6969766954604464,NO_TRADE_DATA
2025-04-17,Strict,8:45AM CT,9:15AM CT,bearish,23.772150000000003,25.356959999999997,70.83333333333334,0,0.9327957885348536,NO_TRADE_DATA
2025-04-21,Strict,9:30AM CT,11:30AM CT,bullish,27.85428,10.83222,91.66666666666666,0,2.617646473159986,SL
2025-04-21,Strict,10:30AM CT,12:30PM CT,bullish,23.727719999999998,43.32888,75.0,0,0.5537901944992537,SL
2025-04-21,Strict,12:30PM CT,2:30PM CT,bullish,29.917559999999998,16.506240000000002,75.0,0,1.819605604447206,SL
2025-04-21,Strict,10:30AM CT,11:30AM CT,bearish,21.66444,20.11698,70.0,0,1.0628695070475591,TP
2025-04-21,Strict,10:30AM CT,12:30PM CT,bearish,26.306820000000002,20.6328,70.0,0,1.2782468302919219,TP
2025-04-21,Strict,12:30PM CT,2:30PM CT,bullish,29.401739999999997,30.9492,70.0,0,0.9622665087208747,TIME
2025-04-21,Strict,8:31AM CT,9:00AM CT,bullish,21.66444,36.623219999999996,70.0,0,0.5891774641048073,NO_TRADE_DATA
2025-04-22,Strict,8:31AM CT,9:00AM CT,bullish,21.679816,35.427992,70.58823529411765,0,0.611138853005092,NO_TRADE_DATA
2025-04-22,Strict,9:30AM CT,11:30AM CT,bearish,26.4388,25.381248,70.0,0,1.029875141361023,SL
2025-04-23,Strict,8:31AM CT,9:00AM CT,bullish,22.041025999999995,36.018262,70.58823529411765,0,0.611138853005092,NO_TRADE_DATA
2025-04-23,Strict,11:30AM CT,12:30PM CT,bullish,24.191370000000003,53.22101399999999,78.57142857142857,0,0.45835253320299557,TIME
2025-04-23,Strict,11:30AM CT,1:30PM CT,bullish,44.619637999999995,53.7586,71.42857142857143,0,0.8358371810723138,TIME
2025-04-23,Strict,10:00AM CT,10:30AM CT,bearish,30.642401999999993,20.428268,71.42857142857143,0,1.5072485502725834,TIME
2025-04-23,Strict,8:45AM CT,9:15AM CT,bearish,21.503439999999998,43.54446600000001,71.42857142857143,0,0.4967527417827772,NO_TRADE_DATA
2025-04-23,Strict,9:30AM CT,10:30AM CT,bearish,37.63101999999999,27.416886,71.42857142857143,0,1.382726575708196,SL
2025-04-23,Strict,11:30AM CT,12:30PM CT,bullish,24.191370000000003,53.22101399999999,78.57142857142857,0,0.45835253320299557,TIME
2025-04-23,Strict,11:30AM CT,1:30PM CT,bullish,44.619637999999995,53.7586,71.42857142857143,0,0.8358371810723138,TIME
2025-04-23,Strict,10:00AM CT,10:30AM CT,bearish,30.642401999999993,20.428268,71.42857142857143,0,1.5072485502725834,TIME
2025-04-23,Strict,8:45AM CT,9:15AM CT,bearish,21.503439999999998,43.54446600000001,71.42857142857143,0,0.4967527417827772,NO_TRADE_DATA
2025-04-23,Strict,9:30AM CT,10:30AM CT,bearish,37.63101999999999,27.416886,71.42857142857143,0,1.382726575708196,SL
2025-04-23,Strict,8:31AM CT,9:30AM CT,bearish,27.416886,45.15722399999999,70.0,0,0.6087835924606244,TIME
2025-04-23,Strict,11:30AM CT,12:30PM CT,bullish,54.29618599999999,12.902063999999998,80.0,0,4.255972472001038,SL
2025-04-23,Strict,12:30PM CT,1:30PM CT,bullish,40.318949999999994,31.179987999999994,80.0,0,1.2801652021740426,TIME
2025-04-23,Strict,10:30AM CT,12:30PM CT,bullish,66.660664,23.653784,70.0,0,2.784247288512026,SL
2025-04-23,Strict,11:30AM CT,1:30PM CT,bullish,94.615136,40.856536,80.0,0,2.313844243395448,SL
2025-04-23,Strict,12:30PM CT,2:30PM CT,bullish,42.469294000000005,23.653784,70.0,0,1.804263301453728,TIME
2025-04-23,Strict,8:31AM CT,8:45AM CT,bearish,27.954471999999996,30.104816000000003,70.0,0,0.9362398898180463,NO_TRADE_DATA
2025-04-23,Strict,8:31AM CT,9:00AM CT,bullish,25.266541999999994,29.567230000000002,80.0,0,0.8463063949366219,NO_TRADE_DATA
2025-04-23,Strict,11:30AM CT,1:30PM CT,bullish,25.804127999999995,11.826892,80.0,0,2.2216005222275474,SL
2025-04-23,Strict,12:30PM CT,2:30PM CT,bullish,30.642401999999993,3.7631020000000004,80.0,0,7.960227749002089,TP
2025-04-23,Strict,12:30PM CT,3:00PM CT,bullish,30.642401999999993,13.43965,73.33333333333333,0,2.3245049668643722,TP
2025-04-23,Strict,11:30AM CT,1:30PM CT,bullish,53.22101399999999,49.995498000000005,72.22222222222221,0,1.060839385356848,TIME
2025-04-23,Strict,10:30AM CT,11:30AM CT,bearish,23.116197999999997,17.202752,70.83333333333334,0,1.3230382350429424,TP
2025-04-23,Strict,8:31AM CT,9:00AM CT,bullish,23.653784,34.405504,75.0,0,0.6969766954604464,NO_TRADE_DATA
2025-04-23,Strict,8:45AM CT,9:15AM CT,bearish,24.191370000000003,25.804127999999995,70.83333333333334,0,0.9327957885348536,NO_TRADE_DATA
2025-04-23,Strict,8:31AM CT,9:00AM CT,bullish,25.804127999999995,44.619637999999995,87.5,0,0.5762589426117183,NO_TRADE_DATA
2025-04-23,Strict,8:45AM CT,9:15AM CT,bearish,25.804127999999995,21.503439999999998,81.25,0,1.1965946419923883,NO_TRADE_DATA
2025-04-23,Strict,8:31AM CT,9:30AM CT,bearish,39.243778,40.318949999999994,75.0,0,0.974344463150706,TIME
2025-04-24,Strict,9:30AM CT,11:30AM CT,bullish,29.617758000000006,11.518017,91.66666666666666,0,2.617646473159986,TP
2025-04-24,Strict,10:30AM CT,12:30PM CT,bullish,25.229942,46.072068,75.0,0,0.5537901944992537,TIME
2025-04-24,Strict,12:30PM CT,2:30PM CT,bullish,31.811666,17.551264000000003,75.0,0,1.819605604447206,TIME
2025-04-24,Strict,8:31AM CT,9:30AM CT,bullish,30.714712000000006,24.681465000000006,70.0,0,1.2529452716477965,TIME
2025-04-24,Strict,9:30AM CT,10:30AM CT,bullish,24.132988000000005,17.002787,70.0,0,1.4067544853162837,TP
2025-04-24,Strict,9:30AM CT,11:30AM CT,bullish,23.584511000000003,16.454310000000003,72.72727272727273,0,1.4177183766284818,TP
2025-04-24,Strict,10:30AM CT,12:30PM CT,bullish,26.326896,26.326896,81.81818181818183,0,1.0073390384251077,TIME
2025-04-24,Strict,11:30AM CT,1:30PM CT,bullish,21.93908,27.972327000000003,72.72727272727273,0,0.7866668247096997,TP
2025-04-24,Strict,9:30AM CT,11:30AM CT,bullish,23.036034,16.454310000000003,70.0,0,1.3970188287471585,TP
2025-04-24,Strict,10:30AM CT,12:30PM CT,bullish,26.875373,26.326896,80.0,0,1.021068203681409,TIME
2025-04-24,Strict,11:30AM CT,1:30PM CT,bullish,23.036034,27.972327000000003,70.0,0,0.8189974568002899,TP
2025-04-24,Strict,8:31AM CT,9:30AM CT,bullish,30.166235000000004,50.459884,70.0,0,0.6045925240859905,TIME
2025-04-24,Strict,1:30PM CT,2:30PM CT,bullish,22.487557,12.614971,72.72727272727273,0,1.773853044420887,TIME
2025-04-24,Strict,10:30AM CT,11:30AM CT,bullish,26.326896,20.842126,70.0,0,1.275435354127564,TIME
2025-04-24,Strict,9:30AM CT,11:30AM CT,bullish,30.166235000000004,47.717499000000004,70.0,0,0.6365697294892094,TP
2025-04-24,Strict,10:30AM CT,12:30PM CT,bullish,29.617758000000006,27.42385,70.0,0,1.085536208466696,TIME
2025-04-24,Strict,9:00AM CT,10:00AM CT,bearish,32.360143,42.781206000000005,70.0,0,0.7643303237844731,TIME
2025-04-24,Strict,8:31AM CT,9:30AM CT,bullish,30.714712000000006,24.681465000000006,70.0,0,1.2529452716477965,TIME
2025-04-24,Strict,9:30AM CT,10:30AM CT,bullish,24.132988000000005,17.002787,70.0,0,1.4067544853162837,TP
2025-04-24,Strict,11:30AM CT,1:30PM CT,bullish,54.299223,51.00836100000001,72.22222222222221,0,1.060839385356848,TIME
2025-04-24,Strict,9:00AM CT,9:30AM CT,bearish,23.584511000000003,9.324109000000002,83.33333333333334,0,2.510595973886684,TIME
2025-04-25,Moderate,12:30PM CT,3:00PM CT,bullish,23.205882,21.548319000000003,66.66666666666666,0,1.065069182539915,TP
2025-04-25,Moderate,9:30AM CT,11:30AM CT,bearish,27.62605,27.073529,61.53846153846154,0,1.0104944610227837,TP
2025-04-25,Moderate,12:30PM CT,2:30PM CT,bullish,23.205882,26.521008,62.71186440677966,0,0.873469851710733,TP
2025-04-25,Moderate,12:30PM CT,3:00PM CT,bullish,24.310924,29.836134,67.79661016949152,0,0.8185919646124492,TP
2025-04-25,Moderate,12:30PM CT,2:30PM CT,bullish,23.758403,25.968486999999996,62.96296296296296,0,0.8995108080964805,TP
2025-04-25,Moderate,12:30PM CT,3:00PM CT,bullish,27.073529,30.388655000000004,61.111111111111114,0,0.8885012690596064,TIME
2025-04-28,Strict,10:30AM CT,12:30PM CT,bearish,25.43225,16.58625,77.77777777777779,0,1.5405803732295749,TP
2025-04-28,Strict,12:30PM CT,3:00PM CT,bullish,23.773625,27.64375,72.22222222222221,0,0.8601376077873174,TP
2025-04-29,Moderate,12:30PM CT,3:00PM CT,bullish,22.799402999999998,31.696730999999996,68.75,0,0.7219766437539538,TP
2025-04-29,Moderate,12:30PM CT,3:00PM CT,bullish,25.023735000000002,27.248067,61.111111111111114,0,0.9222088568807599,TIME
2025-04-29,Moderate,9:30AM CT,11:30AM CT,bullish,25.023735000000002,20.018988,61.36363636363637,0,1.2563632221077845,TP
2025-04-29,Moderate,1:30PM CT,2:30PM CT,bullish,22.24332,3.8925810000000003,61.904761904761905,0,5.883553960955418,TP
2025-04-29,Moderate,12:30PM CT,2:30PM CT,bullish,33.36498,5.56083,61.904761904761905,0,6.002978448341307,SL
2025-04-29,Moderate,12:30PM CT,3:00PM CT,bullish,38.369727,9.453411000000001,61.904761904761905,0,4.0278026126440025,SL
2025-04-29,Moderate,9:30AM CT,11:30AM CT,bullish,22.799402999999998,10.009494,68.42105263157895,0,2.333284610083511,TP
2025-04-30,Strict,8:31AM CT,9:00AM CT,bullish,34.528172,21.162428000000002,76.47058823529412,0,1.621848040687307,NO_TRADE_DATA
2025-04-30,Strict,8:31AM CT,9:30AM CT,bearish,38.983419999999995,35.085078,82.35294117647058,0,1.1133225574701997,TIME
2025-04-30,Strict,10:30AM CT,12:30PM CT,bullish,24.503864000000004,28.959112,70.58823529411765,0,0.8587044439428507,TP
2025-04-30,Strict,11:30AM CT,1:30PM CT,bullish,36.198890000000006,17.820992,82.35294117647058,0,2.0496450958256203,TIME
2025-04-30,Strict,12:30PM CT,2:30PM CT,bullish,30.629830000000005,26.174581999999997,76.47058823529412,0,1.1896852221654288,TP
2025-04-30,Strict,8:31AM CT,9:00AM CT,bullish,28.959112,26.174581999999997,71.42857142857143,0,1.088353101924586,NO_TRADE_DATA
2025-04-30,Strict,10:30AM CT,12:30PM CT,bullish,24.503864000000004,28.959112,70.58823529411765,0,0.8587044439428507,TP
2025-04-30,Strict,11:30AM CT,1:30PM CT,bullish,36.198890000000006,17.820992,82.35294117647058,0,2.0496450958256203,TIME
2025-04-30,Strict,12:30PM CT,2:30PM CT,bullish,30.629830000000005,26.174581999999997,76.47058823529412,0,1.1896852221654288,TP
2025-04-30,Strict,8:31AM CT,9:00AM CT,bullish,27.8453,23.946958000000002,70.0,0,1.175713635140707,NO_TRADE_DATA
2025-05-01,Strict,8:31AM CT,9:30AM CT,bullish,22.41656,15.131178000000002,83.33333333333334,0,1.5119346379601122,TIME
2025-05-01,Strict,9:00AM CT,10:00AM CT,bearish,22.976974,34.745668,75.0,0,0.6561887644463914,TIME
2025-05-02,Strict,8:31AM CT,9:30AM CT,bullish,29.570684,34.688686999999994,90.0,0,0.8524889432781997,TIME
2025-05-02,Strict,9:00AM CT,10:00AM CT,bearish,23.884014,18.197344,90.0,0,1.3157008479407104,SL
2025-05-02,Strict,12:30PM CT,2:30PM CT,bearish,24.452681000000002,47.199361,73.68421052631578,0,0.5205054740078904,TIME
2025-05-02,Strict,12:30PM CT,3:00PM CT,bearish,24.452681000000002,60.278702,73.68421052631578,0,0.4046833120159838,TIME
2025-05-05,Moderate,10:30AM CT,12:30PM CT,bullish,26.556785999999995,12.995874,66.66666666666666,0,2.057062460319287,TIME
2025-05-05,Moderate,9:30AM CT,10:30AM CT,bullish,24.296634,10.735722,60.71428571428571,0,2.325175716763014,SL
2025-05-05,Moderate,9:30AM CT,11:30AM CT,bullish,24.861672000000002,19.211292,67.85714285714286,0,1.314005510289046,TIME
2025-05-05,Moderate,9:00AM CT,10:00AM CT,bullish,23.731596,15.821064000000003,60.71428571428571,0,1.5229050482361552,SL
2025-05-05,Moderate,9:30AM CT,11:30AM CT,bullish,25.426710000000003,20.341368,61.36363636363637,0,1.2563632221077845,TIME
2025-05-05,Moderate,12:30PM CT,2:30PM CT,bullish,23.731596,27.121823999999997,62.71186440677966,0,0.873469851710733,TIME
2025-05-05,Moderate,12:30PM CT,3:00PM CT,bullish,24.861672000000002,30.512052,67.79661016949152,0,0.8185919646124492,TIME
2025-05-05,Moderate,12:30PM CT,2:30PM CT,bullish,24.296634,26.556785999999995,62.96296296296296,0,0.8995108080964805,TIME
2025-05-05,Moderate,12:30PM CT,3:00PM CT,bullish,27.686862,31.077090000000005,61.111111111111114,0,0.8885012690596064,TIME
2025-05-06,Moderate,10:30AM CT,12:30PM CT,bullish,26.352476999999997,12.895893,66.66666666666666,0,2.057062460319287,TIME
2025-05-06,Moderate,10:30AM CT,12:30PM CT,bearish,23.549021999999997,15.699348000000002,61.53846153846154,0,1.4979356184424613,SL
2025-05-06,Moderate,8:31AM CT,9:30AM CT,bullish,25.231095000000003,24.109713,61.53846153846154,0,1.031483131164019,TIME
2025-05-06,Moderate,9:30AM CT,11:30AM CT,bullish,25.231095000000003,20.184876,61.36363636363637,0,1.2563632221077845,TP
2025-05-07,Moderate,12:30PM CT,2:30PM CT,bullish,24.777632,25.903888,60.0,0,0.9552496883335885,TP
2025-05-07,Moderate,9:30AM CT,11:30AM CT,bearish,24.214503999999998,34.913936,63.63636363636363,0,0.7001387268640544,TIME
2025-05-07,Moderate,10:30AM CT,12:30PM CT,bearish,28.156399999999998,15.204456,63.63636363636363,0,1.8656554062784472,TP
2025-05-07,Moderate,12:30PM CT,2:30PM CT,bullish,34.913936,26.467015999999994,63.63636363636363,0,1.3322228388229163,SL
2025-05-07,Moderate,12:30PM CT,3:00PM CT,bullish,32.661424,26.467015999999994,63.63636363636363,0,1.238060856674451,SL
2025-05-07,Moderate,8:31AM CT,9:00AM CT,bearish,22.52512,26.467015999999994,63.63636363636363,0,0.8527538711323738,NO_TRADE_DATA
2025-05-07,Moderate,9:30AM CT,10:30AM CT,bullish,22.52512,8.44692,63.63636363636363,0,2.745160079343616,TIME
2025-05-07,Moderate,8:31AM CT,9:30AM CT,bearish,24.777632,23.651376,64.28571428571429,0,1.03497249161202,TIME
2025-05-07,Moderate,10:30AM CT,11:30AM CT,bullish,27.593272,12.388816,66.66666666666666,0,2.1813627148583694,SL
2025-05-07,Moderate,12:30PM CT,2:30PM CT,bullish,25.340760000000003,18.020096,66.66666666666666,0,1.3956090956249378,TP
2025-05-07,Moderate,8:31AM CT,9:00AM CT,bearish,24.214503999999998,25.340760000000003,66.66666666666666,0,0.9424598908245403,NO_TRADE_DATA
2025-05-07,Moderate,9:00AM CT,10:00AM CT,bearish,23.651376,22.52512,66.66666666666666,0,1.0359320738368223,TIME
2025-05-07,Moderate,12:30PM CT,3:00PM CT,bullish,24.777632,9.010048,60.0,0,2.7906546797037457,TP
2025-05-08,Strict,12:30PM CT,2:30PM CT,bullish,31.15167,5.663939999999999,70.0,0,5.525738557790323,SL
